289, 266, 302, 260, 311, 257, 318, 258, 325, 256, 335, 259, 348, 264, 342, 264, 326, 262, 318, 264, 311, 263, 295, 265,-9.09400, 166.744, -0.70900
290, 266, 301, 260, 311, 257, 318, 258, 326, 256, 335, 259, 347, 264, 342, 264, 326, 262, 318, 264, 311, 263, 295, 265,-9.09400, 166.744, -0.70900
289, 265, 302, 259, 311, 256, 318, 257, 325, 255, 335, 258, 347, 263, 342, 263, 326, 262, 318, 263, 311, 263, 295, 264,-9.09400, 166.744, -0.70900
291, 265, 302, 260, 312, 256, 319, 257, 326, 255, 336, 258, 347, 264, 343, 263, 326, 262, 319, 264, 312, 263, 296, 265,-9.09400, 166.744, -0.70900
290, 266, 302, 260, 312, 256, 318, 258, 326, 255, 336, 258, 348, 264, 343, 263, 326, 262, 318, 264, 312, 263, 295, 265,-9.09400, 166.744, -0.70900
290, 266, 302, 260, 312, 257, 319, 258, 326, 256, 337, 259, 348, 264, 343, 264, 326, 263, 319, 264, 312, 264, 295, 265,-9.09400, 166.744, -0.70900
290, 266, 302, 260, 311, 256, 318, 258, 325, 256, 335, 259, 347, 264, 342, 264, 325, 262, 318, 263, 311, 263, 296, 265,-9.09400, 166.744, -0.70900
290, 266, 302, 260, 311, 257, 318, 258, 325, 256, 335, 259, 346, 264, 341, 264, 325, 263, 318, 264, 311, 264, 295, 265,-9.09400, 166.744, -0.70900
290, 266, 301, 260, 311, 256, 318, 258, 325, 256, 335, 259, 347, 264, 342, 264, 325, 262, 318, 264, 311, 263, 295, 265,-9.09400, 166.744, -0.70900
290, 266, 301, 260, 311, 256, 318, 258, 325, 256, 336, 259, 347, 265, 342, 264, 325, 263, 318, 264, 311, 263, 295, 266,-9.09400, 166.744, -0.70900
289, 266, 301, 260, 310, 256, 317, 258, 325, 255, 335, 259, 346, 265, 341, 264, 325, 263, 317, 264, 310, 263, 295, 265,-9.09400, 166.744, -0.70900
289, 267, 301, 261, 311, 257, 318, 259, 325, 257, 335, 260, 347, 264, 342, 264, 325, 263, 318, 264, 311, 264, 295, 266,-9.09400, 166.744, -0.70900
290, 266, 301, 260, 311, 257, 318, 258, 325, 256, 335, 259, 347, 264, 342, 264, 325, 262, 318, 264, 311, 263, 295, 265,-9.09400, 166.744, -0.70900
285, 270, 298, 257, 313, 252, 323, 254, 333, 251, 347, 256, 358, 266, 354, 265, 333, 261, 323, 262, 313, 261, 289, 268,-9.09400, 166.744, -0.70900
291, 271, 304, 261, 317, 256, 324, 257, 332, 255, 345, 259, 359, 268, 354, 268, 333, 264, 325, 265, 317, 265, 296, 271,-9.09400, 166.744, -0.70900
288, 271, 302, 261, 315, 256, 323, 258, 331, 255, 344, 260, 357, 268, 352, 268, 332, 264, 323, 265, 315, 265, 293, 270,-9.09400, 166.744, -0.70900
290, 272, 304, 265, 317, 261, 325, 263, 334, 260, 346, 262, 358, 268, 353, 268, 334, 270, 326, 271, 317, 271, 295, 272,-9.09400, 166.744, -0.70900
292, 272, 307, 266, 320, 262, 328, 263, 335, 260, 348, 263, 360, 268, 356, 268, 336, 267, 328, 269, 320, 269, 297, 271,-9.09400, 166.744, -0.70900
291, 271, 305, 263, 319, 259, 327, 260, 335, 257, 348, 260, 360, 267, 355, 267, 335, 267, 327, 268, 319, 268, 296, 271,-9.09400, 166.744, -0.70900
296, 272, 308, 267, 319, 263, 327, 265, 335, 263, 347, 266, 360, 270, 356, 270, 335, 270, 327, 270, 319, 270, 300, 272,-9.09400, 166.744, -0.70900
292, 301, 304, 290, 319, 285, 329, 286, 339, 283, 354, 288, 367, 298, 362, 299, 340, 292, 330, 293, 320, 292, 296, 301,-9.09400, 166.744, -0.70900
353, 255, 365, 248, 377, 245, 384, 247, 393, 245, 404, 250, 416, 258, 411, 257, 392, 253, 384, 253, 376, 252, 359, 255,-8.22, 170.079, 1.961
354, 256, 365, 249, 375, 246, 383, 249, 391, 247, 403, 252, 414, 260, 408, 259, 391, 255, 382, 255, 374, 254, 360, 255,-8.22, 170.079, 1.961
353, 254, 364, 248, 374, 245, 382, 248, 390, 247, 401, 251, 413, 259, 407, 258, 390, 254, 381, 255, 373, 253, 358, 254,-8.22, 170.079, 1.961
350, 253, 362, 246, 372, 243, 380, 246, 388, 244, 400, 249, 411, 258, 406, 257, 388, 253, 379, 253, 371, 252, 356, 253,-8.22, 170.079, 1.961
347, 251, 358, 245, 369, 242, 377, 245, 385, 243, 397, 248, 409, 257, 403, 256, 385, 252, 376, 252, 368, 251, 352, 251,-8.22, 170.079, 1.961
347, 250, 356, 241, 367, 237, 375, 240, 385, 238, 398, 244, 410, 255, 405, 254, 385, 247, 375, 247, 366, 246, 352, 249,-8.22, 170.079, 1.961
333, 241, 341, 232, 350, 228, 358, 231, 367, 229, 379, 235, 393, 246, 388, 244, 366, 238, 358, 238, 350, 237, 338, 240,-8.22, 182.304, 1.961
331, 239, 338, 230, 348, 226, 356, 229, 365, 227, 378, 233, 392, 245, 386, 243, 364, 235, 356, 235, 347, 234, 335, 238,-8.22, 182.304, 1.961
332, 237, 340, 230, 348, 226, 355, 229, 364, 227, 377, 234, 393, 244, 387, 242, 364, 236, 355, 235, 347, 234, 337, 237,-8.22, 182.304, 1.961
331, 238, 338, 230, 347, 226, 354, 229, 363, 227, 376, 234, 392, 244, 386, 243, 363, 236, 354, 235, 346, 234, 336, 237,-8.22, 186.543, 1.961
329, 238, 336, 230, 344, 225, 352, 228, 361, 227, 373, 232, 389, 243, 382, 242, 361, 235, 352, 235, 344, 234, 334, 238,-8.22, 186.543, 1.961
325, 237, 334, 226, 344, 221, 352, 224, 360, 222, 373, 228, 386, 240, 381, 239, 360, 231, 351, 231, 343, 230, 330, 236,-8.22, 182.304, 1.961
324, 237, 334, 227, 343, 222, 351, 224, 359, 223, 372, 229, 385, 240, 380, 238, 359, 232, 351, 232, 343, 231, 328, 236,-8.22, 182.304, 1.961
324, 235, 333, 224, 342, 220, 350, 222, 359, 221, 371, 227, 385, 238, 379, 236, 359, 230, 350, 230, 342, 229, 328, 233,-8.22, 182.304, 1.961
322, 234, 332, 224, 341, 220, 349, 222, 358, 221, 370, 227, 384, 238, 378, 236, 358, 230, 349, 230, 341, 229, 327, 233,-8.22, 182.304, 1.961
321, 235, 331, 225, 340, 220, 348, 222, 357, 221, 369, 227, 384, 239, 377, 238, 357, 231, 348, 230, 340, 230, 326, 234,-8.22, 182.304, 1.961
322, 238, 331, 228, 340, 222, 347, 225, 355, 223, 368, 231, 383, 242, 377, 241, 355, 233, 347, 232, 340, 232, 327, 236,-8.22, 182.304, 1.961
323, 234, 331, 225, 339, 220, 347, 223, 356, 222, 368, 228, 382, 239, 376, 238, 355, 231, 346, 230, 339, 230, 328, 233,-8.22, 182.304, 1.961
320, 232, 330, 222, 340, 218, 348, 221, 358, 219, 371, 225, 385, 237, 379, 235, 357, 228, 348, 228, 340, 227, 325, 231,-7.628, 184.614, 2.027
320, 231, 329, 221, 338, 217, 346, 220, 356, 219, 369, 224, 385, 235, 379, 234, 356, 227, 346, 227, 338, 226, 326, 230,-7.628, 184.614, 2.027
321, 230, 330, 220, 339, 216, 347, 218, 357, 217, 370, 222, 385, 233, 379, 232, 357, 225, 347, 225, 339, 224, 326, 229,-8.79900, 183.953, 0.433
322, 229, 330, 220, 339, 216, 347, 219, 357, 217, 370, 222, 385, 233, 379, 232, 357, 225, 347, 225, 339, 224, 327, 228,-8.79900, 183.953, 0.433
322, 232, 331, 221, 342, 217, 350, 219, 360, 218, 375, 224, 390, 236, 384, 235, 359, 226, 350, 226, 342, 225, 327, 231,-8.79900, 183.953, 0.433
324, 231, 331, 220, 340, 216, 350, 218, 360, 217, 377, 223, 393, 235, 389, 234, 360, 225, 350, 224, 341, 223, 328, 231,-8.79900, 183.953, 0.433
322, 230, 330, 220, 342, 216, 351, 218, 362, 217, 378, 222, 394, 233, 389, 233, 361, 223, 350, 223, 342, 223, 326, 230,-8.79900, 183.953, 0.433
321, 229, 331, 222, 342, 219, 351, 221, 363, 220, 379, 224, 396, 233, 391, 232, 363, 224, 351, 225, 342, 224, 325, 229,-8.79900, 183.953, 0.433
318, 226, 328, 218, 341, 215, 351, 217, 362, 216, 380, 221, 398, 231, 393, 230, 362, 222, 350, 222, 340, 221, 323, 226,-8.79900, 183.953, 0.433
323, 226, 330, 219, 340, 216, 350, 219, 361, 217, 377, 222, 395, 231, 390, 230, 361, 223, 350, 223, 341, 222, 327, 227,-8.79900, 183.953, 0.433
319, 229, 329, 220, 340, 217, 349, 219, 361, 218, 379, 222, 397, 231, 392, 231, 361, 223, 349, 223, 340, 223, 323, 228,-8.79900, 183.953, 0.433
316, 228, 327, 220, 339, 218, 350, 220, 362, 218, 379, 222, 398, 231, 393, 230, 362, 223, 350, 224, 339, 223, 321, 228,-8.79900, 183.953, 0.433
324, 227, 331, 219, 341, 216, 350, 218, 361, 217, 378, 221, 396, 230, 391, 230, 361, 223, 350, 223, 341, 222, 328, 228,-8.79900, 183.953, 0.433
318, 228, 328, 221, 340, 218, 350, 220, 362, 219, 379, 223, 398, 232, 393, 232, 362, 223, 349, 223, 340, 222, 323, 229,-8.79900, 183.953, 0.433
317, 229, 328, 219, 340, 216, 350, 218, 362, 217, 379, 222, 397, 232, 392, 231, 361, 222, 350, 222, 340, 221, 322, 228,-8.79900, 183.953, 0.433
318, 226, 328, 219, 340, 215, 350, 218, 362, 216, 379, 221, 399, 230, 394, 230, 362, 222, 350, 222, 340, 221, 322, 227,-8.79900, 183.953, 0.433
318, 229, 328, 221, 340, 219, 350, 221, 363, 220, 380, 223, 400, 231, 395, 231, 363, 223, 350, 224, 340, 223, 323, 229,-8.79900, 183.953, 0.433
318, 231, 329, 222, 341, 219, 351, 221, 363, 219, 380, 224, 397, 234, 393, 233, 363, 223, 351, 224, 342, 223, 323, 231,-8.79900, 183.953, 0.433
320, 233, 329, 223, 341, 220, 352, 222, 364, 221, 381, 225, 398, 236, 393, 235, 363, 224, 351, 225, 342, 224, 325, 233,-8.79900, 183.953, 0.433
321, 234, 330, 225, 341, 221, 351, 224, 363, 222, 380, 227, 397, 238, 393, 237, 363, 227, 351, 227, 341, 226, 325, 234,-8.79900, 183.953, 0.433
321, 236, 330, 227, 341, 224, 351, 227, 363, 226, 380, 230, 397, 241, 392, 240, 363, 230, 351, 230, 341, 229, 325, 237,-8.79900, 183.953, 0.433
322, 239, 331, 229, 342, 226, 352, 228, 363, 227, 379, 231, 396, 241, 392, 241, 363, 230, 352, 231, 342, 230, 326, 239,-8.79900, 183.953, 0.433
323, 239, 331, 230, 342, 227, 352, 229, 364, 227, 380, 232, 398, 242, 394, 241, 364, 231, 352, 232, 343, 231, 327, 240,-8.79900, 183.953, 0.433
322, 241, 330, 231, 342, 226, 351, 229, 363, 227, 379, 232, 396, 243, 392, 243, 363, 232, 351, 233, 342, 232, 327, 241,-8.79900, 183.953, 0.433
322, 241, 331, 231, 342, 228, 352, 230, 364, 228, 380, 233, 397, 244, 393, 244, 363, 233, 352, 233, 342, 233, 326, 241,-8.79900, 183.953, 0.433
322, 241, 331, 231, 341, 228, 351, 230, 362, 228, 379, 233, 396, 244, 391, 243, 362, 232, 351, 232, 341, 232, 326, 241,-8.79900, 183.953, 0.433
323, 240, 331, 230, 343, 226, 353, 229, 364, 227, 381, 232, 397, 243, 393, 242, 364, 231, 352, 231, 343, 231, 328, 240,-8.79900, 183.953, 0.433
323, 239, 332, 229, 344, 225, 354, 228, 367, 226, 384, 231, 400, 242, 395, 242, 366, 231, 354, 231, 343, 231, 327, 239,-8.79900, 183.953, 0.433
324, 239, 333, 229, 344, 225, 355, 228, 367, 226, 383, 231, 400, 242, 395, 241, 367, 230, 354, 231, 344, 230, 329, 239,-8.79900, 183.953, 0.433
324, 237, 335, 228, 347, 225, 358, 227, 371, 226, 387, 229, 402, 240, 398, 240, 370, 229, 357, 230, 347, 229, 329, 238,-8.79900, 183.953, 0.433
327, 237, 338, 227, 350, 225, 360, 227, 374, 225, 390, 230, 404, 240, 400, 239, 373, 229, 360, 230, 350, 229, 332, 237,-8.79900, 183.953, 0.433
332, 229, 343, 219, 354, 215, 364, 217, 376, 215, 392, 221, 408, 232, 403, 231, 376, 222, 364, 222, 354, 221, 337, 229,-8.79900, 183.953, 0.433
331, 230, 343, 220, 356, 216, 367, 218, 380, 216, 396, 222, 411, 233, 407, 232, 379, 222, 367, 223, 355, 221, 336, 230,-8.79900, 183.953, 0.433
334, 230, 344, 219, 356, 214, 367, 216, 379, 214, 394, 220, 410, 232, 406, 232, 378, 221, 367, 222, 356, 221, 338, 230,-8.79900, 183.953, 0.433
336, 229, 347, 218, 359, 214, 370, 216, 382, 214, 397, 219, 413, 231, 409, 230, 382, 220, 370, 221, 358, 220, 341, 228,-8.79900, 183.953, 0.433
337, 227, 349, 216, 361, 212, 373, 214, 385, 213, 400, 218, 415, 230, 411, 229, 384, 219, 373, 219, 361, 218, 342, 227,-8.79900, 183.953, 0.433
340, 227, 352, 216, 365, 212, 376, 214, 389, 213, 404, 218, 419, 229, 414, 229, 388, 218, 376, 219, 365, 218, 346, 226,-8.79900, 183.953, 0.433
347, 226, 360, 215, 373, 211, 384, 214, 396, 212, 410, 217, 424, 228, 420, 228, 396, 217, 384, 218, 373, 217, 352, 225,-8.79900, 183.953, 0.433
348, 226, 362, 215, 376, 210, 387, 213, 398, 211, 412, 217, 424, 229, 419, 228, 398, 217, 386, 218, 375, 217, 353, 225,-8.79900, 183.953, 0.433
351, 224, 365, 214, 379, 210, 389, 213, 400, 211, 414, 216, 426, 227, 421, 226, 400, 217, 389, 217, 379, 217, 356, 224,-8.79900, 169.928, 0.433
352, 227, 366, 215, 381, 211, 391, 213, 402, 211, 416, 217, 428, 228, 423, 228, 402, 217, 391, 218, 380, 217, 358, 227,-8.79900, 169.928, 0.433
353, 225, 367, 213, 382, 209, 392, 211, 404, 210, 418, 216, 430, 228, 425, 227, 404, 216, 392, 216, 382, 216, 358, 224,-8.79900, 169.928, 0.433
352, 226, 368, 215, 382, 210, 393, 213, 404, 211, 417, 216, 429, 228, 424, 227, 404, 217, 393, 218, 382, 217, 358, 225,-8.79900, 169.928, 0.433
353, 226, 368, 214, 382, 210, 393, 212, 404, 210, 417, 216, 430, 228, 425, 227, 404, 217, 393, 217, 382, 216, 358, 225,-8.79900, 169.928, 0.433
355, 226, 370, 214, 385, 210, 395, 212, 406, 210, 419, 216, 431, 228, 426, 227, 406, 216, 395, 217, 385, 216, 360, 226,-8.79900, 169.928, 0.433
358, 226, 373, 214, 388, 209, 398, 211, 409, 210, 422, 216, 434, 228, 429, 227, 409, 217, 398, 217, 387, 216, 363, 226,-8.79900, 169.928, 0.433
360, 225, 374, 215, 388, 211, 399, 213, 409, 212, 422, 217, 435, 227, 430, 227, 409, 218, 399, 218, 388, 217, 365, 225,-8.79900, 169.928, 0.433
362, 226, 377, 215, 391, 210, 402, 212, 413, 210, 426, 216, 438, 227, 433, 227, 413, 216, 402, 217, 391, 216, 368, 225,-8.79900, 169.928, 0.433
364, 225, 379, 214, 393, 210, 404, 212, 414, 210, 427, 215, 438, 226, 433, 226, 414, 216, 404, 217, 393, 216, 369, 225,-8.79900, 169.928, 0.433
361, 227, 377, 214, 392, 209, 403, 211, 414, 209, 427, 215, 439, 227, 434, 227, 414, 216, 404, 216, 392, 216, 367, 226,-8.79900, 169.928, 0.433
363, 227, 378, 215, 392, 210, 403, 212, 413, 210, 426, 215, 438, 226, 433, 226, 414, 217, 403, 217, 392, 217, 368, 227,-8.79900, 169.928, 0.433
363, 226, 377, 214, 391, 209, 402, 211, 413, 210, 426, 215, 438, 226, 433, 226, 413, 216, 402, 216, 391, 216, 368, 225,-8.79900, 169.928, 0.433
362, 226, 375, 215, 388, 211, 400, 214, 410, 212, 423, 216, 436, 226, 431, 226, 411, 218, 400, 218, 388, 218, 367, 225,-8.79900, 169.928, 0.433
359, 228, 376, 215, 391, 210, 402, 211, 413, 210, 425, 216, 436, 228, 431, 228, 413, 216, 402, 217, 391, 216, 365, 228,-8.79900, 169.928, 0.433
359, 226, 375, 214, 389, 209, 400, 211, 411, 210, 424, 215, 436, 227, 430, 226, 411, 216, 400, 216, 389, 215, 365, 225,-8.79900, 169.928, 0.433
357, 226, 373, 214, 388, 209, 398, 211, 409, 209, 422, 215, 434, 226, 429, 226, 409, 215, 398, 216, 388, 215, 362, 225,-8.79900, 169.928, 0.433
355, 227, 370, 214, 384, 209, 395, 210, 406, 209, 419, 215, 431, 227, 426, 226, 406, 215, 395, 216, 385, 216, 361, 226,-8.79900, 169.928, 0.433
352, 226, 367, 215, 381, 210, 392, 212, 403, 210, 416, 215, 429, 226, 424, 225, 403, 216, 392, 217, 381, 216, 358, 225,-8.79900, 169.928, 0.433
352, 226, 366, 214, 380, 209, 391, 211, 402, 210, 416, 215, 428, 225, 424, 225, 402, 216, 391, 217, 380, 216, 358, 225,-8.79900, 169.928, 0.433
351, 226, 364, 214, 378, 209, 389, 211, 400, 209, 413, 213, 426, 224, 421, 224, 401, 214, 389, 215, 378, 215, 356, 225,-8.79900, 169.928, 0.433
349, 226, 362, 214, 376, 209, 387, 211, 398, 209, 410, 214, 423, 225, 418, 224, 398, 215, 387, 216, 376, 216, 354, 225,-8.79900, 169.928, 0.433
344, 226, 359, 214, 374, 208, 386, 210, 396, 208, 410, 213, 423, 224, 418, 224, 397, 214, 386, 215, 375, 215, 350, 226,-8.79900, 169.928, 0.433
341, 228, 357, 214, 373, 208, 385, 210, 396, 208, 411, 213, 423, 226, 418, 224, 396, 214, 385, 215, 373, 215, 347, 226,-8.79900, 169.928, 0.433
340, 226, 354, 213, 368, 207, 379, 209, 390, 207, 403, 212, 416, 224, 411, 223, 390, 214, 379, 215, 368, 215, 344, 225,-8.79900, 169.928, 0.433
336, 224, 348, 212, 362, 207, 372, 208, 383, 207, 398, 211, 411, 223, 407, 222, 384, 213, 372, 214, 362, 214, 340, 223,-8.598, 170.394, -7.017
333, 225, 346, 212, 359, 206, 371, 208, 383, 206, 398, 211, 412, 224, 407, 223, 383, 213, 371, 214, 360, 213, 339, 224,-8.598, 170.394, -7.017
331, 225, 344, 213, 357, 207, 369, 209, 381, 207, 395, 212, 410, 223, 405, 223, 381, 213, 369, 214, 358, 214, 336, 224,-8.598, 170.394, -7.017
329, 224, 340, 211, 352, 206, 364, 207, 375, 205, 389, 209, 403, 220, 398, 220, 375, 211, 364, 213, 353, 213, 334, 223,-8.598, 170.394, -7.017
327, 225, 339, 212, 351, 207, 362, 208, 374, 206, 388, 210, 402, 221, 397, 221, 374, 212, 362, 213, 351, 213, 333, 224,-8.598, 170.394, -7.017
324, 225, 338, 210, 351, 203, 362, 205, 373, 203, 388, 209, 403, 223, 398, 222, 373, 210, 362, 211, 351, 211, 330, 223,-10.51, 174.609, 0.413
322, 224, 334, 211, 347, 204, 358, 206, 369, 203, 384, 208, 398, 220, 393, 219, 369, 210, 358, 212, 348, 212, 327, 223,-10.51, 174.609, 0.413
321, 221, 333, 209, 344, 204, 355, 205, 367, 203, 382, 208, 397, 219, 392, 218, 367, 209, 355, 211, 345, 211, 326, 220,-10.51, 174.609, 0.413
320, 224, 332, 210, 345, 203, 355, 205, 366, 203, 380, 208, 394, 221, 389, 220, 366, 211, 355, 212, 345, 212, 325, 223,-10.51, 174.609, 0.413
317, 223, 329, 211, 342, 205, 352, 206, 364, 204, 380, 209, 396, 220, 391, 220, 364, 211, 352, 212, 342, 212, 322, 222,-10.51, 174.609, 0.413
316, 224, 328, 212, 340, 206, 351, 207, 362, 205, 377, 209, 393, 220, 388, 220, 362, 211, 351, 212, 341, 212, 321, 223,-10.51, 174.609, 0.413
315, 223, 326, 211, 338, 205, 348, 206, 360, 204, 374, 208, 388, 219, 383, 219, 360, 211, 349, 212, 338, 212, 320, 222,-10.51, 169.117, 0.413
313, 225, 323, 212, 335, 207, 345, 208, 357, 205, 372, 209, 387, 221, 383, 220, 357, 211, 346, 213, 335, 213, 318, 224,-10.51, 169.117, 0.413
312, 225, 322, 213, 334, 207, 345, 208, 356, 205, 371, 209, 385, 220, 381, 220, 356, 212, 345, 214, 334, 214, 317, 224,-10.51, 169.117, 0.413
308, 224, 319, 213, 330, 207, 341, 209, 352, 206, 367, 210, 381, 221, 376, 221, 353, 213, 342, 215, 331, 215, 314, 223,-10.51, 169.117, 0.413
305, 226, 316, 213, 328, 207, 338, 208, 349, 206, 364, 211, 379, 223, 374, 222, 350, 213, 338, 214, 328, 214, 310, 225,-10.51, 169.117, 0.413
302, 228, 314, 216, 326, 210, 337, 211, 349, 209, 364, 213, 380, 224, 375, 223, 349, 215, 337, 216, 327, 216, 308, 227,-10.51, 169.117, 0.413
301, 230, 311, 218, 323, 211, 334, 212, 345, 210, 360, 214, 376, 225, 371, 225, 346, 216, 334, 217, 324, 218, 306, 229,-10.51, 169.117, 0.413
300, 231, 309, 218, 320, 211, 331, 212, 342, 210, 357, 214, 373, 225, 368, 224, 342, 216, 331, 218, 321, 219, 304, 229,-10.51, 169.117, 0.413
298, 231, 307, 219, 319, 213, 329, 214, 340, 211, 356, 215, 372, 226, 367, 225, 341, 217, 330, 219, 319, 219, 303, 230,-10.51, 169.117, 0.413
296, 233, 305, 220, 316, 214, 327, 215, 338, 212, 353, 216, 369, 226, 364, 226, 339, 217, 327, 219, 317, 220, 300, 232,-10.51, 169.117, 0.413
293, 233, 303, 221, 314, 215, 325, 216, 336, 213, 351, 217, 368, 228, 364, 228, 337, 220, 326, 221, 315, 221, 298, 232,-10.51, 169.117, 0.413
291, 234, 301, 221, 313, 216, 324, 217, 334, 214, 349, 218, 365, 228, 360, 228, 335, 220, 324, 222, 314, 222, 296, 233,-10.51, 169.117, 0.413
291, 236, 300, 224, 310, 218, 321, 219, 332, 216, 346, 220, 362, 231, 358, 231, 332, 223, 322, 224, 311, 225, 296, 235,-11.285, 178.816, -6.39
288, 236, 298, 223, 309, 218, 319, 219, 331, 216, 346, 220, 361, 231, 356, 231, 331, 223, 320, 224, 309, 225, 293, 235,-11.285, 178.816, -6.39
285, 238, 296, 226, 307, 220, 318, 222, 329, 219, 344, 223, 360, 233, 355, 233, 329, 224, 318, 226, 308, 226, 291, 237,-11.285, 178.816, -6.39
284, 239, 296, 227, 308, 221, 318, 222, 329, 220, 344, 223, 359, 233, 354, 232, 329, 225, 318, 226, 308, 226, 289, 237,-11.285, 178.816, -6.39
283, 239, 294, 227, 306, 222, 317, 223, 328, 220, 343, 224, 359, 234, 353, 233, 328, 226, 317, 227, 307, 228, 289, 238,-11.285, 178.816, -6.39
280, 244, 290, 229, 304, 223, 316, 224, 330, 221, 347, 225, 363, 237, 358, 238, 330, 227, 317, 228, 305, 229, 285, 244,-11.285, 178.816, -6.39
281, 242, 290, 230, 303, 224, 314, 225, 327, 222, 343, 225, 360, 236, 355, 237, 327, 227, 315, 228, 304, 229, 286, 242,-11.285, 178.816, -6.39
278, 245, 288, 230, 302, 223, 314, 224, 326, 221, 344, 224, 359, 236, 355, 237, 327, 228, 315, 229, 303, 230, 282, 244,-11.285, 178.816, -6.39
277, 245, 286, 230, 300, 223, 313, 224, 326, 221, 343, 225, 358, 238, 353, 239, 326, 228, 313, 229, 301, 230, 281, 245,-11.285, 178.816, -6.39
276, 245, 288, 232, 303, 226, 315, 226, 327, 223, 344, 227, 361, 238, 355, 239, 328, 229, 315, 231, 304, 231, 281, 245,-11.285, 178.816, -6.39
273, 246, 283, 232, 298, 226, 311, 227, 324, 224, 342, 227, 358, 238, 353, 240, 325, 230, 312, 232, 299, 233, 277, 246,-11.285, 178.816, -6.39
274, 249, 285, 236, 300, 229, 311, 230, 323, 227, 341, 230, 357, 241, 352, 243, 324, 232, 312, 234, 301, 235, 279, 249,-11.285, 178.816, -6.39
276, 249, 285, 235, 299, 229, 311, 230, 324, 227, 341, 231, 357, 243, 352, 243, 324, 232, 312, 234, 300, 235, 280, 248,-11.285, 178.816, -6.39
275, 247, 285, 235, 299, 230, 310, 230, 321, 228, 338, 231, 354, 242, 350, 242, 322, 233, 310, 234, 300, 235, 280, 247,-11.285, 178.816, -6.39
272, 249, 282, 237, 295, 231, 307, 232, 320, 229, 337, 232, 353, 244, 348, 244, 320, 234, 308, 236, 296, 236, 277, 249,-11.285, 178.816, -6.39
276, 249, 284, 239, 296, 234, 306, 234, 317, 231, 333, 234, 349, 244, 344, 244, 318, 236, 307, 238, 297, 238, 280, 249,-11.285, 178.816, -6.39
273, 250, 282, 238, 295, 233, 307, 233, 319, 231, 336, 233, 351, 244, 346, 244, 319, 236, 308, 238, 296, 238, 277, 250,-11.285, 178.816, -6.39
272, 250, 282, 240, 295, 236, 305, 236, 317, 233, 334, 235, 349, 245, 345, 246, 317, 238, 306, 240, 295, 240, 276, 251,-11.285, 178.816, -6.39
268, 252, 278, 240, 291, 234, 303, 234, 316, 232, 332, 234, 348, 246, 343, 246, 316, 237, 303, 239, 292, 239, 272, 252,-11.285, 178.816, -6.39
266, 252, 276, 241, 289, 237, 300, 237, 312, 235, 329, 236, 346, 246, 341, 246, 313, 239, 300, 241, 289, 241, 270, 251,-11.285, 178.816, -6.39
267, 251, 278, 241, 290, 237, 300, 237, 312, 235, 329, 237, 345, 246, 340, 246, 313, 240, 301, 241, 291, 242, 271, 251,-11.285, 178.816, -6.39
268, 252, 277, 242, 289, 237, 300, 238, 313, 236, 329, 238, 345, 248, 341, 248, 313, 241, 301, 243, 290, 243, 272, 252,-11.285, 178.816, -6.39
267, 257, 276, 244, 289, 240, 300, 241, 313, 238, 331, 240, 347, 250, 343, 250, 314, 243, 301, 244, 290, 244, 272, 256,-11.285, 178.816, -6.39
268, 256, 278, 244, 290, 240, 301, 240, 313, 237, 330, 240, 345, 250, 341, 250, 313, 243, 301, 245, 291, 245, 273, 256,-11.285, 178.816, -6.39
268, 256, 276, 244, 289, 239, 300, 240, 313, 237, 330, 240, 346, 250, 342, 250, 313, 243, 300, 245, 289, 245, 273, 256,-11.285, 178.816, -6.39
266, 258, 276, 245, 289, 240, 300, 240, 314, 238, 331, 241, 347, 252, 343, 252, 314, 243, 301, 245, 290, 245, 271, 257,-11.285, 178.816, -6.39
267, 258, 277, 246, 291, 241, 302, 241, 314, 239, 332, 241, 348, 251, 344, 251, 314, 244, 302, 246, 292, 246, 272, 257,-11.285, 178.816, -6.39
266, 259, 275, 246, 289, 241, 299, 241, 312, 238, 329, 240, 345, 250, 341, 250, 312, 244, 300, 246, 290, 246, 271, 258,-11.285, 178.816, -6.39
274, 257, 283, 243, 296, 238, 307, 238, 319, 236, 335, 239, 350, 249, 346, 249, 319, 241, 307, 243, 296, 243, 278, 256,-11.285, 178.816, -6.39
273, 259, 284, 245, 297, 239, 308, 240, 321, 237, 338, 240, 353, 249, 349, 250, 322, 242, 309, 244, 298, 245, 278, 258,-11.285, 178.816, -6.39
279, 253, 290, 242, 304, 237, 316, 237, 327, 235, 342, 238, 357, 247, 353, 248, 328, 240, 316, 242, 305, 242, 284, 252,-11.285, 172.735, -6.61
277, 253, 289, 242, 305, 236, 316, 237, 327, 234, 343, 237, 358, 247, 353, 247, 328, 240, 316, 242, 306, 242, 282, 252,-11.285, 172.735, -6.61
278, 249, 289, 240, 304, 235, 315, 236, 327, 233, 342, 236, 357, 245, 352, 246, 327, 240, 316, 241, 305, 241, 282, 249,-11.285, 172.735, -6.61
278, 250, 290, 240, 305, 236, 316, 236, 328, 234, 343, 236, 359, 246, 354, 246, 328, 239, 317, 241, 306, 241, 283, 250,-4.647, 172.73, -6.61
278, 250, 290, 239, 305, 234, 316, 235, 328, 232, 344, 235, 358, 245, 354, 246, 329, 239, 317, 240, 306, 241, 283, 250,-4.647, 172.73, -6.61
280, 250, 291, 239, 306, 233, 318, 234, 329, 232, 345, 235, 359, 246, 354, 247, 330, 238, 318, 239, 307, 240, 285, 250,-4.647, 172.73, -6.61
280, 250, 292, 239, 307, 233, 318, 234, 330, 231, 345, 234, 359, 244, 354, 244, 331, 237, 319, 238, 308, 239, 285, 250,-4.647, 172.73, -6.61
278, 249, 292, 238, 307, 234, 318, 234, 330, 232, 345, 234, 360, 244, 355, 244, 330, 237, 319, 239, 308, 239, 284, 249,-4.647, 172.73, -6.61
282, 249, 295, 237, 310, 232, 321, 232, 332, 230, 347, 233, 362, 243, 357, 243, 333, 235, 322, 237, 311, 237, 288, 249,-4.647, 172.73, -6.61
282, 250, 296, 237, 311, 232, 322, 232, 334, 230, 348, 233, 362, 243, 358, 244, 334, 235, 323, 237, 312, 237, 288, 250,-4.647, 172.73, -6.61
279, 249, 294, 236, 309, 231, 320, 232, 332, 229, 347, 233, 361, 243, 356, 244, 332, 236, 321, 237, 310, 237, 284, 249,-4.647, 172.73, -6.61
279, 249, 293, 234, 309, 228, 321, 228, 333, 225, 349, 228, 362, 241, 357, 241, 334, 231, 322, 233, 310, 234, 285, 248,-4.647, 172.73, -6.61
279, 248, 293, 234, 310, 227, 321, 227, 332, 225, 347, 229, 361, 241, 357, 242, 333, 230, 322, 232, 311, 232, 284, 248,-4.647, 172.73, -6.61
279, 248, 293, 233, 311, 226, 323, 226, 334, 223, 349, 227, 363, 241, 358, 241, 334, 230, 323, 231, 312, 232, 285, 248,-4.647, 172.73, -6.61
278, 245, 292, 232, 309, 226, 320, 226, 332, 224, 348, 228, 362, 239, 358, 239, 333, 230, 321, 232, 309, 232, 283, 246,-4.647, 172.73, -6.61
280, 245, 293, 231, 309, 224, 321, 225, 332, 222, 347, 225, 361, 238, 356, 238, 333, 228, 321, 230, 310, 231, 285, 245,-4.647, 172.73, -6.61
279, 246, 292, 230, 308, 224, 320, 224, 331, 221, 346, 225, 360, 237, 355, 238, 332, 227, 321, 229, 309, 230, 284, 245,-4.647, 172.73, -6.61
277, 245, 289, 229, 305, 223, 317, 223, 329, 220, 344, 225, 358, 237, 354, 238, 329, 227, 318, 228, 306, 229, 282, 245,-4.647, 172.73, -6.61
275, 244, 287, 230, 302, 223, 315, 223, 326, 220, 342, 224, 356, 235, 352, 236, 327, 226, 315, 227, 303, 228, 280, 244,-4.647, 172.73, -6.61
279, 240, 291, 228, 303, 223, 313, 223, 322, 221, 336, 223, 351, 233, 346, 232, 323, 226, 313, 227, 304, 228, 285, 239,-4.647, 172.73, -6.61
273, 240, 285, 229, 297, 224, 308, 224, 317, 222, 332, 224, 348, 232, 343, 233, 318, 227, 308, 228, 298, 229, 278, 239,-4.647, 172.73, -6.61
268, 243, 278, 228, 292, 222, 303, 222, 314, 220, 330, 223, 345, 235, 341, 235, 315, 225, 304, 227, 293, 227, 272, 242,-8.6, 172.671, -6.61
265, 241, 275, 228, 287, 222, 298, 223, 309, 220, 324, 223, 340, 233, 335, 233, 310, 225, 299, 227, 288, 228, 270, 240,-8.6, 172.671, -6.61
263, 243, 274, 229, 287, 222, 298, 223, 309, 220, 324, 223, 340, 233, 336, 234, 309, 226, 299, 228, 288, 229, 269, 241,-8.6, 172.671, -6.61
262, 244, 271, 230, 284, 224, 295, 224, 306, 222, 323, 225, 338, 237, 334, 237, 306, 227, 295, 228, 285, 229, 266, 243,-8.6, 172.671, -6.61
261, 242, 269, 228, 281, 223, 291, 223, 302, 220, 318, 221, 335, 231, 330, 232, 303, 223, 293, 226, 282, 227, 265, 241,-8.6, 172.671, -6.61
260, 242, 268, 228, 280, 222, 291, 223, 302, 220, 319, 222, 336, 232, 331, 232, 303, 224, 292, 226, 282, 227, 265, 240,-8.6, 172.671, -6.61
260, 240, 268, 226, 280, 221, 291, 221, 302, 218, 319, 220, 336, 231, 331, 231, 303, 221, 292, 224, 282, 224, 264, 239,-8.6, 172.671, -6.61
257, 236, 266, 223, 277, 218, 289, 219, 299, 216, 316, 219, 334, 229, 329, 229, 300, 222, 289, 223, 278, 223, 263, 235,-11.545, 172.603, -5.714







